{"bots":[{"bytesFile":{"instanceID":35494},"botGivenName":"Bonnie","heuristics":{"reactionTime_mean":0.29752475023269656,"reactionTime_stDev":0.05000000074505806,"errorRate_tooHigh":0.04949656501412392,"errorRate_tooLow":0.04602088779211044,"sidePreference_left":1.5,"sidePreference_right":1.5,"heightPreference_high":1.5,"heightPreference_medium":1.5,"heightPreference_low":-2.0,"winningShots":[{"x":-2.2534801959991457,"y":0.9637106657028198,"z":-2.470802068710327},{"x":-0.5018258690834045,"y":0.9488698840141296,"z":-2.7368087768554689},{"x":0.5166994333267212,"y":0.9364092946052551,"z":-2.859426736831665},{"x":-1.399114966392517,"y":0.9353615045547485,"z":-2.695988416671753}]}}]}